{
  "count": 1649,
  "min": 0.000225089,
  "std": 0.494541221,
  "code": "CerebellarVermalLobulesI-V",
  "max": 6.4871373,
  "average": 4.703738272,
  "dataType": "SummaryStatistics"
}