{
  "count": 1639,
  "min": 0,
  "std": 10.58226555,
  "code": "ADAS13_bl",
  "max": 54.67,
  "average": 14.92355705,
  "dataType": "SummaryStatistics"
}