{
  "count": 1649,
  "min": 0.000135066,
  "std": 0.854196095,
  "code": "RightFuGfusiformgyrus",
  "max": 9.6619883,
  "average": 6.971398355,
  "dataType": "SummaryStatistics"
}