{
  "count": 1649,
  "min": 0.00385347,
  "std": 1.005651145,
  "code": "LeftSMGsupramarginalgyrus",
  "max": 13.194127,
  "average": 8.578410591,
  "dataType": "SummaryStatistics"
}