{
  "count": 102,
  "min": 0.904106,
  "std": 0.217027873,
  "code": "AV45",
  "max": 1.75564,
  "average": 1.16115652,
  "dataType": "SummaryStatistics"
}