{
  "count": 1649,
  "min": 0.000959596,
  "std": 0.152306554,
  "code": "RightMPoGpostcentralgyrusmedialsegment",
  "max": 1.6072345,
  "average": 1.058533903,
  "dataType": "SummaryStatistics"
}