{
  "count": 1649,
  "min": 0,
  "std": 0.176272457,
  "code": "LeftPallidum",
  "max": 2.0256467,
  "average": 1.487667203,
  "dataType": "SummaryStatistics"
}