{
  "count": 1649,
  "min": 0,
  "std": 0.128177198,
  "code": "RightAmygdala",
  "max": 1.1294163,
  "average": 0.792531666,
  "dataType": "SummaryStatistics"
}