{
  "count": 1649,
  "min": 0.323075,
  "std": 0.494593457,
  "code": "LeftOFuGoccipitalfusiformgyrus",
  "max": 5.9540677,
  "average": 4.019686118,
  "dataType": "SummaryStatistics"
}