{
  "count": 39,
  "min": 1.1225,
  "std": 0.451959447,
  "code": "PIB",
  "max": 2.5775,
  "average": 1.809358974,
  "dataType": "SummaryStatistics"
}