{
  "count": 1649,
  "min": 1.0169466,
  "std": 0.486817848,
  "code": "LeftSOGsuperioroccipitalgyrus",
  "max": 5.4174261,
  "average": 3.433829917,
  "dataType": "SummaryStatistics"
}