{
  "count": 1415,
  "min": 7753,
  "std": 21095.69445,
  "code": "Ventricles_bl",
  "max": 147064,
  "average": 38306.68905,
  "dataType": "SummaryStatistics"
}