{
  "count": 1649,
  "min": 0.67227763,
  "std": 26.23647149,
  "code": "LeftCerebralWhiteMatter",
  "max": 287.79022,
  "average": 200.730677,
  "dataType": "SummaryStatistics"
}