{
  "count": 1233,
  "min": 8044,
  "std": 3211.675244,
  "code": "MidTemp",
  "max": 29242,
  "average": 18768.49473,
  "dataType": "SummaryStatistics"
}