{
  "count": 1649,
  "min": 2.0283778,
  "std": 4.396437865,
  "code": "LeftCerebellumExterior",
  "max": 57.246712,
  "average": 44.35542103,
  "dataType": "SummaryStatistics"
}