{
  "count": 1649,
  "min": 0,
  "std": 0.461213595,
  "code": "LeftVentralDC",
  "max": 6.2315092,
  "average": 4.649153425,
  "dataType": "SummaryStatistics"
}