{
  "count": 1649,
  "min": 0.000438526,
  "std": 0.795116718,
  "code": "LeftFuGfusiformgyrus",
  "max": 9.2035904,
  "average": 6.808856875,
  "dataType": "SummaryStatistics"
}