{
  "count": 1649,
  "min": 0.55154681,
  "std": 26.61999047,
  "code": "RightCerebralWhiteMatter",
  "max": 302.26718,
  "average": 204.1204632,
  "dataType": "SummaryStatistics"
}