{
  "count": 1649,
  "min": 0.32878637,
  "std": 1.226909471,
  "code": "RightAnGangulargyrus",
  "max": 16.90799,
  "average": 9.816139542,
  "dataType": "SummaryStatistics"
}