{
  "count": 1649,
  "min": 38602,
  "std": 860.9951251,
  "code": "EXAMDATE_bl",
  "max": 41046,
  "average": 39434.97271,
  "dataType": "SummaryStatistics"
}