{
  "count": 1649,
  "min": 0.011325463,
  "std": 1.693655559,
  "code": "RightCerebellumWhiteMatter",
  "max": 19.132082,
  "average": 13.6192884,
  "dataType": "SummaryStatistics"
}