{
  "count": 1649,
  "min": 0,
  "std": 0.475401545,
  "code": "RightCaudate",
  "max": 5.5571365,
  "average": 3.134116257,
  "dataType": "SummaryStatistics"
}