{
  "count": 1649,
  "min": 0.02639227,
  "std": 1.734044012,
  "code": "RightMTGmiddletemporalgyrus",
  "max": 20.51672,
  "average": 13.21102019,
  "dataType": "SummaryStatistics"
}