{
  "count": 1233,
  "min": 2693,
  "std": 1255.710557,
  "code": "Hippocampus",
  "max": 11143,
  "average": 6650.077859,
  "dataType": "SummaryStatistics"
}