{
  "count": 1415,
  "min": 9375,
  "std": 3084.912578,
  "code": "MidTemp_bl",
  "max": 28103,
  "average": 19139.90318,
  "dataType": "SummaryStatistics"
}