{
  "count": 1649,
  "min": 38596,
  "std": 864.845786,
  "code": "ScanDate",
  "max": 41579,
  "average": 39935.94421,
  "dataType": "SummaryStatistics"
}