{
  "count": 1649,
  "min": 41524.01389,
  "std": 12.13145025,
  "code": "update_stamp",
  "max": 41589.01528,
  "average": 41577.11005,
  "dataType": "SummaryStatistics"
}