{
  "count": 1415,
  "min": 3091,
  "std": 1208.032542,
  "code": "Hippocampus_bl",
  "max": 10769,
  "average": 6805.277739,
  "dataType": "SummaryStatistics"
}