{
  "count": 1649,
  "min": 0.011333139,
  "std": 1.712163997,
  "code": "LeftMTGmiddletemporalgyrus",
  "max": 19.293606,
  "average": 12.86080633,
  "dataType": "SummaryStatistics"
}