{
  "count": 1649,
  "min": 0,
  "std": 0.124812237,
  "code": "LeftAmygdala",
  "max": 1.1268868,
  "average": 0.789128863,
  "dataType": "SummaryStatistics"
}