{
  "count": 1649,
  "min": 0,
  "std": 0.008980646,
  "code": "OpticChiasm",
  "max": 0.11752564,
  "average": 0.075545624,
  "dataType": "SummaryStatistics"
}