{
  "count": 1649,
  "min": 0.48089853,
  "std": 1.153378651,
  "code": "LeftAnGangulargyrus",
  "max": 14.045033,
  "average": 8.849946192,
  "dataType": "SummaryStatistics"
}