{
  "count": 1649,
  "min": 1.2714182,
  "std": 0.51755032,
  "code": "LeftOCPoccipitalpole",
  "max": 5.623909,
  "average": 3.304437008,
  "dataType": "SummaryStatistics"
}