{
  "count": 1649,
  "min": 0.012365906,
  "std": 0.276797236,
  "code": "CerebellarVermalLobulesVIII-X",
  "max": 3.5545635,
  "average": 2.519902252,
  "dataType": "SummaryStatistics"
}