{
  "count": 1649,
  "min": 0.009076315,
  "std": 1.347318156,
  "code": "LeftITGinferiortemporalgyrus",
  "max": 15.194371,
  "average": 10.43803603,
  "dataType": "SummaryStatistics"
}