{
  "count": 1233,
  "min": 7697,
  "std": 22273.73728,
  "code": "Ventricles",
  "max": 156735,
  "average": 40820.68532,
  "dataType": "SummaryStatistics"
}