{
  "count": 1649,
  "min": 0.006892851,
  "std": 1.717933832,
  "code": "LeftCerebellumWhiteMatter",
  "max": 19.337856,
  "average": 13.91498847,
  "dataType": "SummaryStatistics"
}