{
  "count": 1649,
  "min": 2.1675482,
  "std": 4.455839612,
  "code": "RightCerebellumExterior",
  "max": 58.761482,
  "average": 44.44050001,
  "dataType": "SummaryStatistics"
}