{
  "count": 1649,
  "min": 0,
  "std": 0.550091934,
  "code": "3rdVentricle",
  "max": 4.1260505,
  "average": 1.711390532,
  "dataType": "SummaryStatistics"
}