{
  "count": 1649,
  "min": 0.91725916,
  "std": 0.813900273,
  "code": "LeftIOGinferioroccipitalgyrus",
  "max": 9.0206299,
  "average": 6.033450999,
  "dataType": "SummaryStatistics"
}