{
  "count": 1649,
  "min": 0.019368738,
  "std": 1.391644979,
  "code": "RightITGinferiortemporalgyrus",
  "max": 15.643034,
  "average": 10.71044227,
  "dataType": "SummaryStatistics"
}