{
  "count": 1415,
  "min": 8991,
  "std": 2687.662395,
  "code": "Fusiform_bl",
  "max": 26540,
  "average": 16836.89187,
  "dataType": "SummaryStatistics"
}