{
  "count": 1649,
  "min": 0.000135664,
  "std": 0.887860482,
  "code": "LeftSTGsuperiortemporalgyrus",
  "max": 10.678226,
  "average": 6.856396795,
  "dataType": "SummaryStatistics"
}