{
  "count": 1649,
  "min": 1.1522921,
  "std": 0.780799028,
  "code": "LeftMOGmiddleoccipitalgyrus",
  "max": 8.5249786,
  "average": 5.914019564,
  "dataType": "SummaryStatistics"
}