{
  "count": 1649,
  "min": 0.48444715,
  "std": 1.23876781,
  "code": "LeftSPLsuperiorparietallobule",
  "max": 18.312254,
  "average": 10.29883051,
  "dataType": "SummaryStatistics"
}