{
  "count": 1649,
  "min": 0.001382013,
  "std": 1.154231134,
  "code": "RightPoGpostcentralgyrus",
  "max": 16.711824,
  "average": 9.987236542,
  "dataType": "SummaryStatistics"
}