{
  "count": 7,
  "min": 5.98253,
  "std": 0.243523098,
  "code": "FDG_bl",
  "max": 6.43812,
  "average": 6.177782857,
  "dataType": "SummaryStatistics"
}