{
  "count": 430,
  "min": 0.89242,
  "std": 0.226486968,
  "code": "AV45_bl",
  "max": 2.00588,
  "average": 1.169295426,
  "dataType": "SummaryStatistics"
}