{
  "count": 1649,
  "min": 0.36061266,
  "std": 0.489013592,
  "code": "RightOFuGoccipitalfusiformgyrus",
  "max": 6.0305538,
  "average": 4.034567191,
  "dataType": "SummaryStatistics"
}