{
  "count": 1649,
  "min": 0.0000074,
  "std": 0.946514038,
  "code": "RightTMPtemporalpole",
  "max": 10.010409,
  "average": 7.43371871,
  "dataType": "SummaryStatistics"
}