{
  "count": 1649,
  "min": 0,
  "std": 0.412849428,
  "code": "LeftCaudate",
  "max": 4.8379264,
  "average": 2.940102185,
  "dataType": "SummaryStatistics"
}