{
  "count": 1649,
  "min": 1.0292406,
  "std": 0.603932417,
  "code": "LeftCuncuneus",
  "max": 6.6808357,
  "average": 4.352738328,
  "dataType": "SummaryStatistics"
}