{
  "count": 1649,
  "min": 0.3167465,
  "std": 1.229344857,
  "code": "RightPCuprecuneus",
  "max": 15.085825,
  "average": 10.4759088,
  "dataType": "SummaryStatistics"
}