{
  "count": 1649,
  "min": 0.55617326,
  "std": 0.834636507,
  "code": "LeftLiGlingualgyrus",
  "max": 10.770746,
  "average": 7.207592613,
  "dataType": "SummaryStatistics"
}