{
  "count": 1649,
  "min": 0.37012714,
  "std": 0.498150084,
  "code": "LeftCalccalcarinecortex",
  "max": 6.3804541,
  "average": 3.073936927,
  "dataType": "SummaryStatistics"
}