{
  "count": 1649,
  "min": 0.53236967,
  "std": 0.878744855,
  "code": "RightLiGlingualgyrus",
  "max": 11.515344,
  "average": 7.771921014,
  "dataType": "SummaryStatistics"
}