{
  "count": 1649,
  "min": 0.14867851,
  "std": 0.21302936,
  "code": "CerebellarVermalLobulesVI-VII",
  "max": 2.8954015,
  "average": 2.167123964,
  "dataType": "SummaryStatistics"
}