{
  "count": 1649,
  "min": 0,
  "std": 18.98280978,
  "code": "PeriodTime",
  "max": 97.63333333,
  "average": 17.51999191,
  "dataType": "SummaryStatistics"
}