{
  "count": 1649,
  "min": 0.99434972,
  "std": 0.817679014,
  "code": "RightIOGinferioroccipitalgyrus",
  "max": 10.452621,
  "average": 6.303546198,
  "dataType": "SummaryStatistics"
}