{
  "count": 1649,
  "min": 0.0000762,
  "std": 0.873380945,
  "code": "RightSTGsuperiortemporalgyrus",
  "max": 10.778301,
  "average": 6.998860857,
  "dataType": "SummaryStatistics"
}