{
  "count": 1649,
  "min": 0,
  "std": 0.177380682,
  "code": "RightPallidum",
  "max": 2.0728753,
  "average": 1.493604398,
  "dataType": "SummaryStatistics"
}