{
  "count": 1649,
  "min": 1.1430161,
  "std": 0.441215817,
  "code": "RightOCPoccipitalpole",
  "max": 5.3248167,
  "average": 2.828341396,
  "dataType": "SummaryStatistics"
}