{
  "count": 1649,
  "min": 0.88466072,
  "std": 0.628941879,
  "code": "RightMOGmiddleoccipitalgyrus",
  "max": 8.9166956,
  "average": 5.00738936,
  "dataType": "SummaryStatistics"
}