{
  "count": 1649,
  "min": 0,
  "std": 0.519514017,
  "code": "4thVentricle",
  "max": 5.638474,
  "average": 2.091866911,
  "dataType": "SummaryStatistics"
}